{
  "FilterEvents_Cut_On_Z_Value_float": 23,
  "FilterEvents_Cut_On_LOR_Distance_From_Center_float": 25,
  "FilterEvents_TOT_Min_Value_In_Ns_float": 15,
  "FilterEvents_TOT_Max_Value_In_Ns_float": 25,
  "FilterEvents_Angle_Delta_Min_Value_float": 20,
  "MLEMRunner_OutFileName_std::string": "mlem_reconstruction_output.txt",
  "MLEMRunner_NumberOfPixelsInOneDimension_int": 160,
  "MLEMRunner_PixelSize_double": 0.004,
  "MLEMRunner_StartPixelForPartialMatrix_int": 0,
  "MLEMRunner_NumberOfEmissionsPerPixel_int": 100000000,
  "MLEMRunner_TOFStepSize_double": 0,
  "MLEMRunner_TOFSigmaAxis_float": 0.06,
  "MLEMRunner_TOFSigmaAlongZAxis_float": 0.015,
  "MLEMRunner_DisplayInfo_bool": true,
  "MLEMRunner_SystemMatrixOutputPath_std::string": "system_matix.bin",
  "MLEMRunner_SystemMatrixSaveFull_bool": true,
  "MLEMRunner_ReconstructionOutputPath_std::string": "reconstuction",
  "MLEMRunner_ReconstuctionIterations_int": 10,
  "ImageReco_Annihilation_Point_Z_float": 23,
  "ImageReco_Xrange_On_3D_Histogram_int": 50,
  "ImageReco_Yrange_On_3D_Histogram_int": 50,
  "ImageReco_Zrange_On_3D_Histogram_int": 30,
  "ImageReco_Bin_Multiplier_double": 12,
  "SinogramCreator_OutFileName_std::string": "sinogram",
  "SinogramCreator_ReconstructionDistanceAccuracy_float": 0.1,
  "SinogramCreator_SinogramZSplitNumber_int": 1,
  "SinogramCreator_ScintillatorLenght_float": 50,
  "SinogramCreatorMC_OutFileName_std::string": "sinogramMC",
  "SinogramCreatorMC_ReconstructionDistanceAccuracy_float": 0.1,
  "SinogramCreatorMC_SinogramZSplitNumber_int": 1,
  "SinogramCreatorMC_ScintillatorLenght_float": 50,
  "SinogramCreatorMC_MaxReconstructionRadius_float": 50,
  "SinogramCreatorMC_InputDataPath_std::string": "sinogram_data.txt"
}
